{"cameraMode":{"drawMode":0,"name":"Shaded","section":"Shading Mode"},"sceneLighting":true,"audioPlay":false,"sceneViewState":{"m_AlwaysRefresh":false,"showFog":true,"showSkybox":true,"showFlares":true,"showImageEffects":true,"showParticleSystems":true,"showVisualEffectGraphs":true,"m_FxEnabled":true},"in2DMode":false,"pivot":{"x":25.899658203125,"y":4.690207481384277,"z":25.278820037841798},"rotation":{"x":-0.13335871696472169,"y":-0.027649780735373498,"z":0.003722012974321842,"w":-0.9906758069992065},"size":37.312557220458987,"orthographic":false}