{"cameraMode":{"drawMode":0,"name":"Shaded","section":"Shading Mode"},"sceneLighting":true,"audioPlay":false,"sceneViewState":{"m_AlwaysRefresh":false,"showFog":true,"showSkybox":true,"showFlares":true,"showImageEffects":true,"showParticleSystems":true,"showVisualEffectGraphs":true,"m_FxEnabled":true},"in2DMode":false,"pivot":{"x":-1.1725057363510132,"y":0.29608654975891116,"z":-1.0526659488677979},"rotation":{"x":-0.15862569212913514,"y":0.8159704804420471,"z":-0.26480987668037417,"w":-0.4887835383415222},"size":6.896747589111328,"orthographic":false}