{"cameraMode":{"drawMode":0,"name":"Shaded","section":"Shading Mode"},"sceneLighting":true,"audioPlay":false,"sceneViewState":{"m_AlwaysRefresh":false,"showFog":true,"showSkybox":true,"showFlares":true,"showImageEffects":true,"showParticleSystems":true,"showVisualEffectGraphs":true,"m_FxEnabled":true},"in2DMode":false,"pivot":{"x":-10.776691436767579,"y":3.742058515548706,"z":27.95577049255371},"rotation":{"x":-0.0018094967817887664,"y":0.0005972201470285654,"z":-0.000001118123009291594,"w":-0.9999987483024597},"size":42.407554626464847,"orthographic":false}